-- Seed data for KBM Berkah Ceria
-- Semua UUID menggunakan variant valid (blok ke-4 diawali 8/9/a/b)

-- Trip: Bandung ↔ Jakarta, 24-28 Nov 2025
insert into public.trips (id, owner_id, slug, name, origin_city, destination_city, start_date, end_date, status, notes)
values (
  '11111111-1111-4111-8a11-111111111111',
  null,
  'bandung-jakarta-nov25',
  'Komuter Bandung ⇄ Jakarta',
  'Bandung',
  'Jakarta',
  '2025-11-24',
  '2025-11-28',
  'ongoing',
  'Pool KBM Telkom - batch November'
)
on conflict (id) do nothing;

-- Participants
insert into public.participants (id, trip_id, display_name, email)
values
  ('22222222-1111-4111-8a11-111111111111', '11111111-1111-4111-8a11-111111111111', 'Dita', 'dita@example.com'),
  ('22222222-2222-4111-8a11-111111111111', '11111111-1111-4111-8a11-111111111111', 'Agus', 'agus@example.com'),
  ('22222222-3333-4111-8a11-111111111111', '11111111-1111-4111-8a11-111111111111', 'Rina', 'rina@example.com'),
  ('22222222-4444-4111-8a11-111111111111', '11111111-1111-4111-8a11-111111111111', 'Bima', 'bima@example.com'),
  ('22222222-5555-4111-8a11-111111111111', '11111111-1111-4111-8a11-111111111111', 'Tari', 'tari@example.com'),
  ('22222222-6666-4111-8a11-111111111111', '11111111-1111-4111-8a11-111111111111', 'Yudi', 'yudi@example.com'),
  ('22222222-7777-4111-8a11-111111111111', '11111111-1111-4111-8a11-111111111111', 'Lala', 'lala@example.com'),
  ('22222222-8888-4111-8a11-111111111111', '11111111-1111-4111-8a11-111111111111', 'Gilang', 'gilang@example.com')
on conflict (id) do nothing;

-- Legs
insert into public.trip_legs (id, trip_id, leg_order, leg_type, start_datetime, end_datetime, origin, destination, notes)
values
  ('33333333-1111-4111-8a11-111111111111', '11111111-1111-4111-8a11-111111111111', 1, 'outbound', '2025-11-24 05:30+07', '2025-11-24 11:30+07', 'Bandung', 'Jakarta', 'Berangkat Senin'),
  ('33333333-2222-4111-8a11-111111111111', '11111111-1111-4111-8a11-111111111111', 2, 'return', '2025-11-27 18:00+07', '2025-11-27 23:30+07', 'Jakarta', 'Bandung', 'Pulang Kamis (mobil 1)'),
  ('33333333-3333-4111-8a11-111111111111', '11111111-1111-4111-8a11-111111111111', 3, 'return', '2025-11-28 06:00+07', '2025-11-28 12:00+07', 'Jakarta', 'Bandung', 'Pulang Jumat (mobil 2)')
on conflict (id) do nothing;

-- Kendaraan trip (tanpa terikat leg)
delete from public.leg_vehicle_links where trip_id = '11111111-1111-4111-8a11-111111111111';
delete from public.trip_vehicles where trip_id = '11111111-1111-4111-8a11-111111111111';
insert into public.trip_vehicles (id, trip_id, label, plate_number, seat_capacity, notes)
values
  ('44444444-1111-4111-8a11-111111111111', '11111111-1111-4111-8a11-111111111111', 'Avanza A', 'D 1234 KBM', 7, 'Unit utama'),
  ('44444444-2222-4111-8a11-111111111111', '11111111-1111-4111-8a11-111111111111', 'Xenia B', 'D 5678 KBM', 7, 'Unit cadangan')
on conflict (id) do nothing;

insert into public.leg_vehicle_links (id, trip_id, leg_id, vehicle_id, departure_at)
values
  ('47474747-1111-4111-8a11-111111111111', '11111111-1111-4111-8a11-111111111111', '33333333-1111-4111-8a11-111111111111', '44444444-1111-4111-8a11-111111111111', '2025-11-24 05:30+07'),
  ('47474747-2222-4111-8a11-111111111111', '11111111-1111-4111-8a11-111111111111', '33333333-1111-4111-8a11-111111111111', '44444444-2222-4111-8a11-111111111111', '2025-11-24 06:00+07'),
  ('47474747-3333-4111-8a11-111111111111', '11111111-1111-4111-8a11-111111111111', '33333333-2222-4111-8a11-111111111111', '44444444-1111-4111-8a11-111111111111', '2025-11-27 18:00+07'),
  ('47474747-4444-4111-8a11-111111111111', '11111111-1111-4111-8a11-111111111111', '33333333-3333-4111-8a11-111111111111', '44444444-2222-4111-8a11-111111111111', '2025-11-28 06:00+07')
on conflict (id) do nothing;

-- Assignments
delete from public.vehicle_assignments where leg_id in (
  '33333333-1111-4111-8a11-111111111111',
  '33333333-2222-4111-8a11-111111111111',
  '33333333-3333-4111-8a11-111111111111'
);
insert into public.vehicle_assignments (id, leg_id, vehicle_id, participant_id, role)
values
  ('55555555-1001-4111-8a11-111111111111', '33333333-1111-4111-8a11-111111111111', '44444444-1111-4111-8a11-111111111111', '22222222-1111-4111-8a11-111111111111', 'driver'),
  ('55555555-1002-4111-8a11-111111111111', '33333333-1111-4111-8a11-111111111111', '44444444-1111-4111-8a11-111111111111', '22222222-2222-4111-8a11-111111111111', 'passenger'),
  ('55555555-1003-4111-8a11-111111111111', '33333333-1111-4111-8a11-111111111111', '44444444-1111-4111-8a11-111111111111', '22222222-3333-4111-8a11-111111111111', 'passenger'),
  ('55555555-1004-4111-8a11-111111111111', '33333333-1111-4111-8a11-111111111111', '44444444-1111-4111-8a11-111111111111', '22222222-4444-4111-8a11-111111111111', 'passenger'),
  ('55555555-1005-4111-8a11-111111111111', '33333333-1111-4111-8a11-111111111111', '44444444-2222-4111-8a11-111111111111', '22222222-5555-4111-8a11-111111111111', 'driver'),
  ('55555555-1006-4111-8a11-111111111111', '33333333-1111-4111-8a11-111111111111', '44444444-2222-4111-8a11-111111111111', '22222222-6666-4111-8a11-111111111111', 'passenger'),
  ('55555555-2001-4111-8a11-111111111111', '33333333-2222-4111-8a11-111111111111', '44444444-1111-4111-8a11-111111111111', '22222222-1111-4111-8a11-111111111111', 'driver'),
  ('55555555-2002-4111-8a11-111111111111', '33333333-2222-4111-8a11-111111111111', '44444444-1111-4111-8a11-111111111111', '22222222-2222-4111-8a11-111111111111', 'passenger'),
  ('55555555-2003-4111-8a11-111111111111', '33333333-2222-4111-8a11-111111111111', '44444444-1111-4111-8a11-111111111111', '22222222-3333-4111-8a11-111111111111', 'passenger'),
  ('55555555-2004-4111-8a11-111111111111', '33333333-2222-4111-8a11-111111111111', '44444444-1111-4111-8a11-111111111111', '22222222-4444-4111-8a11-111111111111', 'passenger'),
  ('55555555-2005-4111-8a11-111111111111', '33333333-2222-4111-8a11-111111111111', '44444444-1111-4111-8a11-111111111111', '22222222-5555-4111-8a11-111111111111', 'passenger'),
  ('55555555-2006-4111-8a11-111111111111', '33333333-2222-4111-8a11-111111111111', '44444444-1111-4111-8a11-111111111111', '22222222-6666-4111-8a11-111111111111', 'passenger'),
  ('55555555-2007-4111-8a11-111111111111', '33333333-2222-4111-8a11-111111111111', '44444444-1111-4111-8a11-111111111111', '22222222-7777-4111-8a11-111111111111', 'passenger'),
  ('55555555-3001-4111-8a11-111111111111', '33333333-3333-4111-8a11-111111111111', '44444444-2222-4111-8a11-111111111111', '22222222-5555-4111-8a11-111111111111', 'driver'),
  ('55555555-3002-4111-8a11-111111111111', '33333333-3333-4111-8a11-111111111111', '44444444-2222-4111-8a11-111111111111', '22222222-6666-4111-8a11-111111111111', 'passenger'),
  ('55555555-3003-4111-8a11-111111111111', '33333333-3333-4111-8a11-111111111111', '44444444-2222-4111-8a11-111111111111', '22222222-8888-4111-8a11-111111111111', 'passenger')
on conflict (id) do nothing;

-- Expenses
insert into public.expenses (id, trip_id, leg_id, vehicle_id, paid_by, title, expense_type, share_scope, amount_idr, issued_at)
values
  ('66666666-1111-4111-8a11-111111111111', '11111111-1111-4111-8a11-111111111111', '33333333-1111-4111-8a11-111111111111', '44444444-1111-4111-8a11-111111111111', '22222222-1111-4111-8a11-111111111111', 'BBM awal', 'bbm', 'leg', 800000, '2025-11-24 06:00+07'),
  ('66666666-2222-4111-8a11-111111111111', '11111111-1111-4111-8a11-111111111111', '33333333-1111-4111-8a11-111111111111', '44444444-2222-4111-8a11-111111111111', '22222222-5555-4111-8a11-111111111111', 'Tol Cipularang', 'tol', 'leg', 250000, '2025-11-24 08:00+07'),
  ('66666666-3333-4111-8a11-111111111111', '11111111-1111-4111-8a11-111111111111', '33333333-2222-4111-8a11-111111111111', '44444444-1111-4111-8a11-111111111111', '22222222-2222-4111-8a11-111111111111', 'BBM pulang mobil 1', 'bbm', 'leg', 700000, '2025-11-27 18:30+07'),
  ('66666666-4444-4111-8a11-111111111111', '11111111-1111-4111-8a11-111111111111', '33333333-3333-4111-8a11-111111111111', '44444444-2222-4111-8a11-111111111111', '22222222-5555-4111-8a11-111111111111', 'BBM pulang mobil 2', 'bbm', 'leg', 450000, '2025-11-28 06:30+07')
on conflict (id) do nothing;
